<?xml version="1.0" encoding="UTF-8"?>
<!DOCTYPE mapper
  PUBLIC "-//mybatis.org//DTD Mapper 3.0//EN"
  "http://mybatis.org/dtd/mybatis-3-mapper.dtd">
  <mapper namespace="com.vam.mapper.BoardMapper">
     
     
    <!-- 게시글 등록 -->
    <insert id="enroll">
        insert into vam_board(title, content, writer) values (#{title}, #{content}, #{writer})
    </insert>
    
    <!-- 게시글 목록 -->
    <select id="getList" resultType="com.vam.model.BoardVO">
        select * from vam_board
    </select>
 
     <!-- 게시글 상세 조회 -->
    <select id="getPage" resultType="com.vam.model.BoardVO">
        select * from vam_board where bno = #{bno}
    </select>
    
    <!-- 게시글 수정 -->
    <update id="modify">
		update vam_board set title = #{title}, content = #{content}, updatedate = sysdate where bno = #{bno}
    </update>
    
    <!-- 게시판 삭제 -->
    <delete id="delete">
        delete from vam_board where bno = #{bno}
    </delete>
    
    <!-- Oracle -->
    <!-- 게시물 목록(페이징) -->
    <select id="getListPaging" resultType="com.vam.model.BoardVO">
    
    <![CDATA[
        
        select bno, title, content, writer, regdate, updatedate
        from(
                select /*+INDEX_DESC(vam_board pk_board) */ rownum  as rn, bno, title, content, writer, regdate, updatedate
                from vam_board where rownum <= #{pageNum} * #{amount}) 
        where rn > (#{pageNum} -1) * #{amount}
    
    ]]>
    
    </select>
    
    
    <!-- 게시물 총 개수 -->
    <select id="getTotal" resultType="int">
    
        select count(*) from vam_board
    
    </select>
    
  </mapper>