<?xml version="1.0" encoding="UTF-8"?>
<beans xmlns="http://www.springframework.org/schema/beans"
	xmlns:xsi="http://www.w3.org/2001/XMLSchema-instance"
	xmlns:context="http://www.springframework.org/schema/context"
	xmlns:mybatis-spring="http://mybatis.org/schema/mybatis-spring"
	xsi:schemaLocation="http://mybatis.org/schema/mybatis-spring http://mybatis.org/schema/mybatis-spring-1.2.xsd
		http://www.springframework.org/schema/beans https://www.springframework.org/schema/beans/spring-beans.xsd
		http://www.springframework.org/schema/context http://www.springframework.org/schema/context/spring-context-4.3.xsd">
	
	<!-- Root Context: defines shared resources visible to all other web components -->
	
	<bean id="hikariConfig" class="com.zaxxer.hikari.HikariConfig"> 
 	   <!-- <property name="driverClassName" value="oracle.jdbc.driver.OracleDriver"></property> 
	   <property name="jdbcUrl" value="jdbc:oracle:thin:@localhost:1521:orcl"></property> -->
	   
	   <property name="driverClassName" value="net.sf.log4jdbc.sql.jdbcapi.DriverSpy"></property>
	   <property name="jdbcUrl" value="jdbc:log4jdbc:oracle:thin:@localhost:1521:orcl"></property>
	   
	   <!-- Oracle 11g 경우 value="jdbc:oracle:thin:@localhost:1521:XE" --> 
	   <!-- Oracle 19 경우 value="jdbc:oracle:thin:@localhost:1521:orcl" --> 
	   
	   <property name="username" value="SiriN"></property> 
	   <!-- Oracle 버전에 따라 계정명에 c##을 붙여주어야 하는 경우가 있습니다. -->
	   <property name="password" value="1234"></property> 
	</bean> 
 
	<bean id="datasource" class="com.zaxxer.hikari.HikariDataSource" destroy-method="close"> 
	    <constructor-arg ref="hikariConfig"></constructor-arg> 
	</bean>
	
	<bean id="sqlSessionFactory" class="org.mybatis.spring.SqlSessionFactoryBean">
        <property name="dataSource" ref="datasource"></property>
    </bean>
    
    <mybatis-spring:scan base-package="com.vam.mapper"/>
    <context:component-scan base-package="com.vam.model"></context:component-scan>
    <context:component-scan base-package="com.vam.service"></context:component-scan>
	
</beans>
